{
  "name": "homework-distribution-frontend",
  "version": "1.0.0",
  "private": true,
  "dependencies": {
    "axios": "^0.21.1",
    "react": "^17.0.2",
    "react-dom": "^17.0.2",
    "react-router-dom": "^5.2.0"
  },
  "scripts": {[43dcd9a7-70db-4a1f-b0ae-981daa162054](https://github.com/ah45595/DizajniWeb/tree/c2234c288c206af3b298f1f8570dcafac49268b0/server%2Fapp.js?citationMarker=43dcd9a7-70db-4a1f-b0ae-981daa162054 "1")[43dcd9a7-70db-4a1f-b0ae-981daa162054](https://github.com/Marvelous-Maddie/Time-Tracking-Application/tree/13d68d10630405f59610487756e23f1b67c9fa0e/tracker-backend%2Findex.js?citationMarker=43dcd9a7-70db-4a1f-b0ae-981daa162054 "2")[43dcd9a7-70db-4a1f-b0ae-981daa162054](https://github.com/bgoonz/web-dev-utils-package/tree/65a7b21c0444f4cbeb3c313a750fb43560047e77/personal-utilities%2Fcopy-2-clip%2FREADME.md?citationMarker=43dcd9a7-70db-4a1f-b0ae-981daa162054 "3")[43dcd9a7-70db-4a1f-b0ae-981daa162054](https://github.com/OmarThinks/react-cheat-sheet/tree/6a0a3a7d38dcf51b41ba9ba989066081aa7157da/lessons%2F1-react.md?citationMarker=43dcd9a7-70db-4a1f-b0ae-981daa162054 "4")[43dcd9a7-70db-4a1f-b0ae-981daa162054](https://github.com/Lee8150951/React-Learning/tree/188e0fcb6f3ebea6e1feec19a90413c600dcf932/readme.md?citationMarker=43dcd9a7-70db-4a1f-b0ae-981daa162054 "5")[43dcd9a7-70db-4a1f-b0ae-981daa162054](https://github.com/wcly/blog/tree/02f78e8de991d8af86b6a737d20b07fe4cd050cf/React%2F%E9%92%88%E5%AF%B9React%E5%87%BD%E6%95%B0%E7%BB%84%E4%BB%B6%E7%9A%84%E4%B8%80%E4%BA%9B%E6%97%A5%E5%B8%B8%E8%B0%83%E8%AF%95%E4%B8%8E%E6%80%A7%E8%83%BD%E4%BC%98%E5%8C%96.md?citationMarker=43dcd9a7-70db-4a1f-b0ae-981daa162054 "6")[43dcd9a7-70db-4a1f-b0ae-981daa162054](https://github.com/ravil-96/music_app/tree/20feb7da1f9c96d2215258d54deba1134a64e5d6/README.md?citationMarker=43dcd9a7-70db-4a1f-b0ae-981daa162054 "7")